ID,Name,Cost,Type,ParamType,EquipType,EventFlagID,SellQuantity
1032,Great-Jar's Arsenal,10000,Talisman,Accessory,2,400470,1
1002,Crimson Amber Medallion +2,10000,Talisman,Accessory,2,35007030,1
1012,Cerulean Amber Medallion +2,10000,Talisman,Accessory,2,1035417100,1
1022,Viridian Amber Medallion +2,10000,Talisman,Accessory,2,15007350,1
1042,Erdtree's Favor +2,10000,Talisman,Accessory,2,11057100,1
4012,Spelldrake Talisman +2,10000,Talisman,Accessory,2,30207060,1
4022,Flamedrake Talisman +2,10000,Talisman,Accessory,2,520440,1
4032,Boltdrake Talisman +2,10000,Talisman,Accessory,2,13007760,1
4042,Haligdrake Talisman +2,10000,Talisman,Accessory,2,12057370,1
4052,Pearldrake Talisman +2,10000,Talisman,Accessory,2,15007220,1
1210,Bull-Goat's Talisman,10000,Talisman,Accessory,2,31107050,1
6020,Carian Filigreed Crest,10000,Talisman,Accessory,2,120290,1
1070,Prosthesis-Wearer Heirloom,10000,Talisman,Accessory,2,400320,1
1060,Starscourge Heirloom,10000,Talisman,Accessory,2,1047387900,1
1080,Stargazer Heirloom,10000,Talisman,Accessory,2,34117500,1
1090,Two Fingers Heirloom,10000,Talisman,Accessory,2,1039417100,1
8020,Outer God Heirloom,10000,Talisman,Accessory,2,2045417800,1
8140,Lacerating Crossed-Tree,15000,Talisman,Accessory,2,400590,1
8130,Retaliatory Crossed-Tree,15000,Talisman,Accessory,2,400640,1
2110,Blue Dancer Charm,20000,Talisman,Accessory,2,520350,1
4001,Dragoncrest Shield Talisman +1,20000,Talisman,Accessory,2,30087030,1
2081,Rotten Winged Sword Insignia,20000,Talisman,Accessory,2,400480,1
5000,Crimson Seed Talisman,30000,Talisman,Accessory,2,30087010,1