ID,Name,lotItemId02,lotItemBasePoint02
214000000,Omen Cleaver,8060000,40
214000100,Warped Axe,15010000,40
214000990,Omen Cleaver,8060000,40
300000000,Soldier's Crossbow,43000000,20
300000006,Bolt,52000000,100
300000007,Lordsworn's Bolt,52080000,20
300000105,Bolt,52000000,100
300000106,Lordsworn's Bolt,52080000,20
300000600,Spear,16010000,20
300000700,Torchpole,16080000,20
300000800,Torchpole,16080000,20
300014000,Soldier's Crossbow,43000000,20
300014006,Bolt,52000000,100
300014007,Lordsworn's Bolt,52080000,20
300014105,Bolt,52000000,100
300014106,Lordsworn's Bolt,52080000,20
300014600,Spear,16010000,20
300014700,Torchpole,16080000,20
300014800,Torchpole,16080000,20
300051000,Soldier's Crossbow,43000000,20
300051006,Bolt,52000000,100
300051007,Lordsworn's Bolt,52080000,20
300051105,Bolt,52000000,100
300051106,Lordsworn's Bolt,52080000,20
300051600,Spear,16010000,20
300051700,Torchpole,16080000,20
300051800,Torchpole,16080000,20
301000000,Banished Knight's Greatsword,3080000,40
301000001,Banished Knight's Shield,31030000,40
301000100,Banished Knight's Greatsword,3080000,40
301000101,Banished Knight's Shield,31030000,40
301000200,Banished Knight's Greatsword,3080000,40
301000201,Banished Knight's Shield,31030000,40
301000300,Banished Knight's Greatsword,3080000,40
301000305,Banished Knight's Greatsword,3080000,40
301000400,Banished Knight's Greatsword,3080000,40
301000405,Banished Knight's Greatsword,3080000,40
301000500,Banished Knight's Greatsword,3080000,40
301000505,Banished Knight's Greatsword,3080000,40
301000600,Banished Knight's Halberd,18030000,40
301000700,Banished Knight's Halberd,18030000,40
301000800,Banished Knight's Halberd,18030000,40
302000000,Crescent Moon Axe,15030000,40
302014000,Crescent Moon Axe,15030000,40
302051000,Crescent Moon Axe,15030000,40
306000000,Executioner's Greataxe,15080000,40
306000100,Glaive,18090000,40
307000000,Celebrant's Cleaver,14060000,5
307000200,Celebrant's Sickle,1060000,5
307000400,Celebrant's Rib-Rake,16060000,5
308000000,Forked Hatchet,14010000,20
308000010,Forked Hatchet,14010000,20
308000020,Forked Hatchet,14010000,20
308000030,Forked Hatchet,14010000,20
308000040,Forked Hatchet,14010000,20
308000050,Forked Hatchet,14010000,20
308000100,Forked Hatchet,14010000,20
308000110,Forked Hatchet,14010000,20
308000120,Forked Hatchet,14010000,20
308000130,Forked Hatchet,14010000,20
308000140,Forked Hatchet,14010000,20
308000150,Forked Hatchet,14010000,20
308000200,Forked Hatchet,14010000,20
308000210,Forked Hatchet,14010000,20
308000220,Forked Hatchet,14010000,20
308000230,Forked Hatchet,14010000,20
308000240,Forked Hatchet,14010000,20
308000250,Forked Hatchet,14010000,20
308000300,Forked Hatchet,14010000,20
308000310,Forked Hatchet,14010000,20
308000320,Forked Hatchet,14010000,20
308000330,Forked Hatchet,14010000,20
308000340,Forked Hatchet,14010000,20
308000350,Forked Hatchet,14010000,20
308000400,Forked Greatsword,3010000,20
308000410,Forked Greatsword,3010000,20
308000420,Forked Greatsword,3010000,20
308000430,Forked Greatsword,3010000,20
308000440,Forked Greatsword,3010000,20
308000450,Forked Greatsword,3010000,20
308000510,Forked Greatsword,3010000,20
308000520,Forked Greatsword,3010000,20
308000530,Forked Greatsword,3010000,20
308000540,Forked Greatsword,3010000,20
308000550,Forked Greatsword,3010000,20
308000610,Forked Greatsword,3010000,20
308000620,Forked Greatsword,3010000,20
308000630,Forked Greatsword,3010000,20
308000640,Forked Greatsword,3010000,20
308000650,Forked Greatsword,3010000,20
308000710,Forked Hatchet,14010000,20
308000720,Forked Hatchet,14010000,20
308000730,Forked Hatchet,14010000,20
308000740,Forked Hatchet,14010000,20
308000750,Forked Hatchet,14010000,20
317000000,Albinauric Bow,41010000,40
317000006,Arrow,50000000,100
317000007,St. Trina's Arrow,50040000,25
317000100,Albinauric Bow,41010000,40
317000106,Arrow,50000000,100
317000107,St. Trina's Arrow,50040000,25
335000600,Rotten Crystal Spear,16160000,80
335000700,Rotten Crystal Staff,33270000,80
336000000,Jawbone Axe,14030000,20
336000003,Dwelling Arrow,50100000,100
336000100,Greathorn Hammer,12010000,20
336000700,Jawbone Axe,14030000,20
336000703,Dwelling Arrow,50100000,100
340000000,Duelist Greataxe,23040000,40
340000200,Battle Hammer,12020000,40
345000000,Iron Cleaver,14040000,20
345000100,Misbegotten Shortbow,40010000,20
345100000,Longhaft Axe,15050000,20
346000000,Iron Greatsword,3020000,40
347000000,Albinauric Shield,31040000,20
347000200,Albinauric Shield,31040000,20
347000400,Curved Club,11030000,20
347000500,Curved Club,11030000,20
347000700,Ripple Crescent Halberd,18060000,20
347000800,Ripple Crescent Halberd,18060000,20
347100000,Curved Great Club,12080000,40
350000101,Bolt,52000000,100
350000200,Grave Scythe,19010000,20
350000300,Sun Realm Shield,31050000,20
350000400,Bandit's Curved Sword,7040000,15
350000402,Bandit's Curved Sword,7040000,15
351000000,Scimitar,7140000,20
351000001,Scripture Wooden Shield,30080000,20
351000100,Scimitar,7140000,20
351000200,Scimitar,7140000,20
351000300,Grossmesser,7150000,20
351000400,Grossmesser,7150000,20
351000500,Longbow,41000000,20
351000502,Arrow,50000000,100
361000000,Envoy's Horn,11100000,20
361000100,Envoy's Long Horn,12160000,40
361000200,Envoy's Greathorn,23030000,20
365000000,Guardian's Swordspear,18110000,20
365000100,Guardian's Swordspear,18110000,20
365000200,Guardian's Swordspear,18110000,20
365033101,Guardian's Swordspear,18110000,20
366000000,Weathered Straight Sword,2050000,20
366000100,Weathered Straight Sword,2050000,20
366000200,Weathered Straight Sword,2050000,20
366000300,Weathered Straight Sword,2050000,20
366000400,Weathered Straight Sword,2050000,20
370000105,Perfumer's Shield,30010000,20
370100204,Perfumer's Shield,30010000,20
370200000,Academy Glintstone Staff,33200000,20
370200100,Academy Glintstone Staff,33200000,20
370200200,Lazuli Glintstone Sword,2250000,20
370200300,Academy Glintstone Staff,33200000,20
370200400,Academy Glintstone Staff,33200000,20
370300003,Perfumer's Bolt,52020000,100
370300004,Red Branch Shortbow,40020000,40
370300100,Perfumer's Bolt,52020000,250
370300104,Red Branch Shortbow,40020000,40
370400000,Stone Club,11140000,40
370400100,Stone Club,11140000,40
370400200,Stone Club,11140000,40
370400300,Stone Club,11140000,40
370400700,Stone Club,11140000,40
375000000,Clayman's Harpoon,16030000,20
380000000,Cleanrot Knight's Sword,5010000,40
380000005,Cleanrot Spear,16040000,10
380000010,Cleanrot Knight's Sword,5010000,40
380000015,Cleanrot Spear,16040000,10
380000020,Cleanrot Knight's Sword,5010000,40
380000025,Cleanrot Spear,16040000,10
380000100,Halo Scythe,19020000,20
380000101,Cleanrot Knight's Sword,5010000,40
380000110,Halo Scythe,19020000,20
380000111,Cleanrot Knight's Sword,5010000,40
380000120,Halo Scythe,19020000,20
380000121,Cleanrot Knight's Sword,5010000,40
381000000,Pest's Glaive,18010000,40
381000100,Pest's Glaive,18010000,40
381000200,Pest's Glaive,18010000,40
381054000,Pest's Glaive,18010000,40
381054100,Pest's Glaive,18010000,40
381054200,Pest's Glaive,18010000,40
385000000,Shortbow,40000000,20
385000004,Arrow,50000000,100
385000200,Spiked Spear,16140000,20
390000000,Monk's Flamemace,11090000,40
390000100,Monk's Flameblade,8070000,40
391000200,Thorned Whip,20020000,40
391000300,Thorned Whip,20020000,40
395000100,Man-Serpent's Shield,30020000,40
395000200,Magma Blade,7050000,10
395000201,Man-Serpent's Shield,30020000,30
395000300,Gelmir Glintstone Staff,33050000,100
397000000,Beastman's Curved Sword,7010000,20
397000100,Beastman's Curved Sword,7010000,20
397000101,Beastman's Jar-Shield,30060000,20
397000200,Beastman's Curved Sword,7010000,20
397000300,Beastman's Curved Sword,7010000,20
397000301,Beastman's Jar-Shield,30060000,20
397000350,Beastman's Curved Sword,7010000,20
397000500,Beastman's Jar-Shield,30060000,20
397000600,Beastman's Jar-Shield,30060000,20
397000700,Beastman's Cleaver,8080000,20
397000750,Beastman's Cleaver,8080000,20
397000800,Beastman's Cleaver,8080000,20
405000000,Dismounter,8020000,40
410000000,Falchion,7000000,20
410000001,Rickety Shield,30030000,20
410000010,Falchion,7000000,20
410000011,Rickety Shield,30030000,20
410000100,Falchion,7000000,20
410000110,Falchion,7000000,20
410000200,Club,11010000,20
410000210,Club,11010000,20
410100000,Spiked Club,11070000,20
410100010,Spiked Club,11070000,20
411000000,Great Knife,1090000,20
412000000,Bloodstained Dagger,1140000,40
414000000,Serpent Arrow,50020000,50
414000050,Serpent Arrow,50020000,50
414000200,Serpent Arrow,50020000,50
414033200,Serpent Arrow,50020000,50
421000000,Warhawk's Talon,2240000,20
426050000,Watchdog's Greatsword,4010000,80
426050100,Watchdog's Greatsword,4010000,80
426052000,Watchdog's Greatsword,4010000,80
426052100,Watchdog's Greatsword,4010000,80
430000000,Noble's Slender Sword,2230000,5
430000010,Noble's Slender Sword,2230000,5
430000020,Noble's Slender Sword,2230000,5
430000100,Noble's Estoc,5060000,5
430000200,Glintstone Staff,33000000,20
430030000,Noble's Slender Sword,2230000,5
430030010,Noble's Slender Sword,2230000,5
430030020,Noble's Slender Sword,2230000,5
430030100,Noble's Estoc,5060000,5
430030200,Glintstone Staff,33000000,20
430050100,Noble's Estoc,5060000,5
431100000,Lordsworn's Straight Sword,2040000,20
431100001,Brass Shield,31130000,20
431100006,Bolt,52000000,100
431100007,Lordsworn's Bolt,52080000,50
431100010,Lordsworn's Straight Sword,2040000,20
431100015,Bolt,52000000,100
431100016,Lordsworn's Bolt,52080000,50
431100020,Lordsworn's Straight Sword,2040000,20
431100021,Brass Shield,31130000,20
431100026,Bolt,52000000,100
431100027,Lordsworn's Bolt,52080000,50
431100030,Lordsworn's Straight Sword,2040000,20
431100031,Brass Shield,31130000,20
431100032,Heavy Crossbow,43030000,20
431100037,Bolt,52000000,100
431100038,Lordsworn's Bolt,52080000,50
431100050,Lordsworn's Straight Sword,2040000,20
431100055,Bolt,52000000,100
431100056,Lordsworn's Bolt,52080000,50
431100100,Warpick,11040000,20
431100101,Brass Shield,31130000,20
431100106,Bolt,52000000,100
431100107,Lordsworn's Bolt,52080000,50
431100110,Warpick,11040000,20
431100115,Bolt,52000000,100
431100116,Lordsworn's Bolt,52080000,50
431100120,Warpick,11040000,20
431100125,Bolt,52000000,100
431100126,Lordsworn's Bolt,52080000,50
431100300,Lordsworn's Shield,32300000,20
431200000,Lordsworn's Straight Sword,2040000,20
431200001,Brass Shield,31130000,20
431200007,Bolt,52000000,100
431200008,Lordsworn's Bolt,52080000,50
431200020,Lordsworn's Straight Sword,2040000,20
431200021,Brass Shield,31130000,20
431200022,Heavy Crossbow,43030000,20
431200028,Bolt,52000000,100
431200029,Lordsworn's Bolt,52080000,50
431200040,Warpick,11040000,20
431200046,Bolt,52000000,100
431200047,Lordsworn's Bolt,52080000,50
431200200,Lordsworn's Shield,32300000,20
431200510,Lordsworn's Straight Sword,2040000,20
431200516,Bolt,52000000,100
431200517,Lordsworn's Bolt,52080000,50
431200530,Warpick,11040000,20
431200531,Brass Shield,31130000,20
431200537,Bolt,52000000,100
431200538,Lordsworn's Bolt,52080000,50
431200550,Warpick,11040000,20
431200551,Heavy Crossbow,43030000,20
431200557,Bolt,52000000,100
431200558,Lordsworn's Bolt,52080000,50
431300000,Lordsworn's Straight Sword,2040000,20
431300001,Brass Shield,31130000,20
431300006,Bolt,52000000,100
431300007,Lordsworn's Bolt,52080000,50
431300020,Lordsworn's Straight Sword,2040000,20
431300021,Brass Shield,31130000,20
431300026,Bolt,52000000,100
431300027,Lordsworn's Bolt,52080000,50
431300100,Warpick,11040000,20
431300101,Brass Shield,31130000,20
431300106,Bolt,52000000,100
431300107,Lordsworn's Bolt,52080000,50
431300120,Warpick,11040000,20
431300121,Heavy Crossbow,43030000,20
431300126,Bolt,52000000,100
431300127,Lordsworn's Bolt,52080000,50
431300300,Lordsworn's Shield,32300000,20
431300510,Lordsworn's Straight Sword,2040000,20
431300515,Bolt,52000000,100
431300516,Lordsworn's Bolt,52080000,50
431300530,Lordsworn's Straight Sword,2040000,20
431300531,Brass Shield,31130000,20
431300532,Heavy Crossbow,43030000,20
431300537,Bolt,52000000,100
431300538,Lordsworn's Bolt,52080000,50
431300610,Warpick,11040000,20
431300615,Bolt,52000000,100
431300616,Lordsworn's Bolt,52080000,50
431334000,Lordsworn's Straight Sword,2040000,20
431334001,Brass Shield,31130000,20
431334006,Bolt,52000000,100
431334007,Lordsworn's Bolt,52080000,50
431334020,Lordsworn's Straight Sword,2040000,20
431334021,Brass Shield,31130000,20
431334026,Bolt,52000000,100
431334027,Lordsworn's Bolt,52080000,50
431334100,Warpick,11040000,20
431334101,Brass Shield,31130000,20
431334106,Bolt,52000000,100
431334107,Lordsworn's Bolt,52080000,50
431334120,Warpick,11040000,20
431334121,Heavy Crossbow,43030000,20
431334126,Bolt,52000000,100
431334127,Lordsworn's Bolt,52080000,50
431334300,Lordsworn's Shield,32300000,20
431334510,Lordsworn's Straight Sword,2040000,20
431334515,Bolt,52000000,100
431334516,Lordsworn's Bolt,52080000,50
431334530,Lordsworn's Straight Sword,2040000,20
431334531,Brass Shield,31130000,20
431334532,Heavy Crossbow,43030000,20
431334537,Bolt,52000000,100
431334538,Lordsworn's Bolt,52080000,50
431334610,Warpick,11040000,20
431334615,Bolt,52000000,100
431334616,Lordsworn's Bolt,52080000,50
431400000,Lordsworn's Straight Sword,2040000,20
431400001,Brass Shield,31130000,20
431400006,Bolt,52000000,100
431400007,Lordsworn's Bolt,52080000,50
431400020,Lordsworn's Straight Sword,2040000,20
431400021,Brass Shield,31130000,20
431400026,Bolt,52000000,100
431400027,Lordsworn's Bolt,52080000,50
431400100,Warpick,11040000,20
431400101,Brass Shield,31130000,20
431400106,Bolt,52000000,100
431400107,Lordsworn's Bolt,52080000,50
431400120,Warpick,11040000,20
431400121,Heavy Crossbow,43030000,20
431400126,Bolt,52000000,100
431400127,Lordsworn's Bolt,52080000,50
431400300,Lordsworn's Shield,32300000,20
431400510,Lordsworn's Straight Sword,2040000,20
431400515,Bolt,52000000,100
431400516,Lordsworn's Bolt,52080000,50
431400530,Lordsworn's Straight Sword,2040000,20
431400531,Brass Shield,31130000,20
431400532,Heavy Crossbow,43030000,20
431400537,Bolt,52000000,100
431400538,Lordsworn's Bolt,52080000,50
431400610,Warpick,11040000,20
431400615,Bolt,52000000,100
431400616,Lordsworn's Bolt,52080000,50
431500000,Lordsworn's Straight Sword,2040000,20
431500001,Brass Shield,31130000,15
431500005,Bolt,52000000,100
431500006,Lordsworn's Bolt,52080000,50
431500010,Lordsworn's Straight Sword,2040000,20
431500011,Brass Shield,31130000,20
431500012,Heavy Crossbow,43030000,20
431500016,Bolt,52000000,100
431500017,Lordsworn's Bolt,52080000,50
431500100,Warpick,11040000,20
431500101,Brass Shield,31130000,15
431500105,Bolt,52000000,100
431500106,Lordsworn's Bolt,52080000,50
431500300,Lordsworn's Shield,32300000,20
431512000,Lordsworn's Straight Sword,2040000,20
431512001,Brass Shield,31130000,15
431512005,Bolt,52000000,100
431512006,Lordsworn's Bolt,52080000,50
431512015,Lordsworn's Straight Sword,2040000,20
431512016,Brass Shield,31130000,20
431512017,Heavy Crossbow,43030000,20
431512021,Bolt,52000000,100
431512022,Lordsworn's Bolt,52080000,50
431512100,Warpick,11040000,20
431512101,Brass Shield,31130000,15
431512105,Bolt,52000000,100
431512106,Lordsworn's Bolt,52080000,50
431512300,Lordsworn's Shield,32300000,20
431520000,Lordsworn's Straight Sword,2040000,20
431520001,Brass Shield,31130000,15
431520005,Bolt,52000000,100
431520006,Lordsworn's Bolt,52080000,50
431520015,Lordsworn's Straight Sword,2040000,20
431520016,Brass Shield,31130000,20
431520017,Heavy Crossbow,43030000,20
431520021,Bolt,52000000,100
431520022,Lordsworn's Bolt,52080000,50
431520100,Warpick,11040000,20
431520101,Brass Shield,31130000,15
431520105,Bolt,52000000,100
431520106,Lordsworn's Bolt,52080000,50
431520300,Lordsworn's Shield,32300000,20
431552000,Lordsworn's Straight Sword,2040000,20
431552001,Brass Shield,31130000,15
431552005,Bolt,52000000,100
431552006,Lordsworn's Bolt,52080000,50
431552015,Lordsworn's Straight Sword,2040000,20
431552016,Brass Shield,31130000,20
431552017,Heavy Crossbow,43030000,20
431552021,Bolt,52000000,100
431552022,Lordsworn's Bolt,52080000,50
431552100,Warpick,11040000,20
431552101,Brass Shield,31130000,15
431552105,Bolt,52000000,100
431552106,Lordsworn's Bolt,52080000,50
431552300,Lordsworn's Shield,32300000,20
431566000,Lordsworn's Straight Sword,2040000,20
431566001,Brass Shield,31130000,15
431566005,Bolt,52000000,100
431566006,Lordsworn's Bolt,52080000,50
431566015,Lordsworn's Straight Sword,2040000,20
431566016,Brass Shield,31130000,20
431566017,Heavy Crossbow,43030000,20
431566021,Bolt,52000000,100
431566022,Lordsworn's Bolt,52080000,50
431566100,Warpick,11040000,20
431566101,Brass Shield,31130000,15
431566105,Bolt,52000000,100
431566106,Lordsworn's Bolt,52080000,50
431566300,Lordsworn's Shield,32300000,20
431600000,Lordsworn's Straight Sword,2040000,20
431600001,Brass Shield,31130000,20
431600006,Bolt,52000000,100
431600007,Lordsworn's Bolt,52080000,50
431600015,Lordsworn's Straight Sword,2040000,20
431600020,Bolt,52000000,100
431600021,Lordsworn's Bolt,52080000,50
431600030,Lordsworn's Straight Sword,2040000,20
431600031,Brass Shield,31130000,20
431600036,Bolt,52000000,100
431600037,Lordsworn's Bolt,52080000,50
431600045,Lordsworn's Straight Sword,2040000,20
431600046,Brass Shield,31130000,20
431600047,Heavy Crossbow,43030000,20
431600052,Bolt,52000000,100
431600053,Lordsworn's Bolt,52080000,50
431600100,Warpick,11040000,20
431600101,Brass Shield,31130000,20
431600106,Bolt,52000000,100
431600107,Lordsworn's Bolt,52080000,50
431600115,Warpick,11040000,20
431600120,Bolt,52000000,100
431600121,Lordsworn's Bolt,52080000,50
431600130,Warpick,11040000,20
431600135,Bolt,52000000,100
431600136,Lordsworn's Bolt,52080000,50
431600145,Warpick,11040000,20
431600146,Heavy Crossbow,43030000,20
431600151,Bolt,52000000,100
431600152,Lordsworn's Bolt,52080000,50
431600300,Lordsworn's Shield,32300000,20
431656001,Lordsworn's Straight Sword,2040000,20
431656002,Brass Shield,31130000,20
431656007,Bolt,52000000,100
431656008,Lordsworn's Bolt,52080000,50
431656016,Lordsworn's Straight Sword,2040000,20
431656021,Bolt,52000000,100
431656022,Lordsworn's Bolt,52080000,50
431656031,Lordsworn's Straight Sword,2040000,20
431656032,Brass Shield,31130000,20
431656037,Bolt,52000000,100
431656038,Lordsworn's Bolt,52080000,50
431656046,Brass Shield,31130000,20
431656047,Heavy Crossbow,43030000,20
431656052,Bolt,52000000,100
431656053,Lordsworn's Bolt,52080000,50
431656101,Warpick,11040000,20
431656102,Brass Shield,31130000,20
431656107,Bolt,52000000,100
431656108,Lordsworn's Bolt,52080000,50
431656116,Warpick,11040000,20
431656121,Bolt,52000000,100
431656122,Lordsworn's Bolt,52080000,50
431656131,Warpick,11040000,20
431656136,Bolt,52000000,100
431656137,Lordsworn's Bolt,52080000,50
431656146,Warpick,11040000,20
431656147,Heavy Crossbow,43030000,20
431656152,Bolt,52000000,100
431656153,Lordsworn's Bolt,52080000,50
431656301,Lordsworn's Shield,32300000,20
432100000,Vulgar Militia Saw,18070000,20
432100100,Vulgar Militia Saw,18070000,40
432100200,Vulgar Militia Shotel,18130000,20
432100300,Vulgar Militia Shotel,18130000,40
434000000,Chainlink Flail,13040000,40
434000010,Chainlink Flail,13040000,40
434000020,Chainlink Flail,13040000,40
434000030,Chainlink Flail,13040000,40
434000040,Chainlink Flail,13040000,40
435100000,Knight's Greatsword,3040000,40
435100001,Gilded Greatshield,32270000,40
435100100,Partisan,16050000,40
435100101,Gilded Greatshield,32270000,40
435110100,Partisan,16050000,40
435110101,Gilded Greatshield,32270000,40
435200000,Knight's Greatsword,3040000,40
435200001,Cuckoo Greatshield,32250000,40
435200100,Partisan,16050000,40
435200101,Cuckoo Greatshield,32250000,40
435300000,Knight's Greatsword,3040000,40
435300001,Golden Greatshield,32260000,40
435300100,Partisan,16050000,40
435300101,Golden Greatshield,32260000,40
435300200,Partisan,16050000,40
435300201,Golden Greatshield,32260000,40
435300300,Knight's Greatsword,3040000,40
435300301,Greatbow,42040000,40
435300306,Great Arrow,51000000,150
435300700,Partisan,16050000,40
435300701,Golden Greatshield,32260000,40
435320000,Knight's Greatsword,3040000,40
435320001,Golden Greatshield,32260000,40
435400000,Knight's Greatsword,3040000,40
435400001,Redmane Greatshield,32230000,40
435400100,Partisan,16050000,40
435400101,Redmane Greatshield,32230000,40
435400200,Partisan,16050000,40
435400201,Redmane Greatshield,32230000,40
435400300,Knight's Greatsword,3040000,40
435400301,Greatbow,42040000,40
435400306,Great Arrow,51000000,150
435500000,Knight's Greatsword,3040000,40
435500001,Eclipse Crest Greatshield,32240000,40
435500100,Partisan,16050000,40
435500101,Eclipse Crest Greatshield,32240000,40
435500200,Partisan,16050000,40
435500300,Knight's Greatsword,3040000,40
435500301,Greatbow,42040000,40
435500305,Great Arrow,51000000,150
435600000,Knight's Greatsword,3040000,40
435600001,Haligtree Crest Greatshield,32280000,40
435600100,Partisan,16050000,40
435600200,Knight's Greatsword,3040000,40
435600201,Greatbow,42040000,40
435600205,Great Arrow,51000000,150
435656001,Knight's Greatsword,3040000,40
435656002,Haligtree Crest Greatshield,32280000,40
435656101,Partisan,16050000,40
435656201,Knight's Greatsword,3040000,40
435656202,Greatbow,42040000,40
435656206,Great Arrow,51000000,150
437100000,Dagger,1000000,40
437100005,Bolt,52000000,100
437100010,Dagger,1000000,40
437100020,Dagger,1000000,40
437100025,Bolt,52000000,100
437100030,Dagger,1000000,40
437100035,Bolt,52000000,100
437100040,Dagger,1000000,40
437100045,Bolt,52000000,100
437100100,Short Sword,2010000,40
437100105,Bolt,52000000,100
437100110,Short Sword,2010000,40
437100120,Short Sword,2010000,40
437100125,Bolt,52000000,100
437100200,Soldier's Crossbow,43000000,40
437100205,Bolt,52000000,100
437100300,Short Spear,16000000,40
437200000,Dagger,1000000,40
437200003,Bolt,52000000,100
437200010,Dagger,1000000,40
437200020,Dagger,1000000,40
437200023,Bolt,52000000,100
437200100,Short Sword,2010000,40
437200103,Bolt,52000000,100
437200110,Short Sword,2010000,40
437200113,Bolt,52000000,100
437200200,Soldier's Crossbow,43000000,40
437200203,Bolt,52000000,100
437300000,Dagger,1000000,40
437300003,Bolt,52000000,100
437300010,Dagger,1000000,40
437300020,Dagger,1000000,40
437300023,Bolt,52000000,100
437300030,Dagger,1000000,40
437300033,Bolt,52000000,100
437300040,Dagger,1000000,40
437300043,Bolt,52000000,100
437300050,Dagger,1000000,40
437300053,Bolt,52000000,100
437300100,Short Sword,2010000,40
437300103,Bolt,52000000,100
437300110,Short Sword,2010000,40
437300200,Soldier's Crossbow,43000000,40
437300203,Bolt,52000000,100
437300300,Short Spear,16000000,40
437400000,Dagger,1000000,40
437400003,Bolt,52000000,100
437400010,Dagger,1000000,40
437400020,Dagger,1000000,40
437400023,Bolt,52000000,100
437400030,Dagger,1000000,40
437400033,Bolt,52000000,100
437400040,Dagger,1000000,40
437400043,Bolt,52000000,100
437400050,Dagger,1000000,40
437400053,Bolt,52000000,100
437400100,Short Sword,2010000,40
437400103,Bolt,52000000,100
437400110,Short Sword,2010000,40
437400200,Short Sword,2010000,40
437400203,Bolt,52000000,100
437400300,Short Spear,16000000,40
437600000,Dagger,1000000,40
437600003,Bolt,52000000,100
437600010,Dagger,1000000,40
437600020,Dagger,1000000,40
437600023,Bolt,52000000,100
437600030,Dagger,1000000,40
437600033,Bolt,52000000,100
437600040,Dagger,1000000,40
437600043,Bolt,52000000,100
437600052,Bolt,52000000,100
437700000,Dagger,1000000,40
437700004,Bolt,52000000,100
437700100,Short Sword,2010000,40
437700104,Bolt,52000000,100
437700200,Short Sword,2010000,40
438100000,Staff of the Guilty,33260000,20
438100010,Staff of the Guilty,33260000,20
438210000,Pickaxe,12140000,20
438210200,Pickaxe,12140000,20
438210300,Pickaxe,12140000,20
438210400,Pickaxe,12140000,20
438212700,Pickaxe,12140000,20
438220200,Pickaxe,12140000,20
438226000,Pickaxe,12140000,20
438226200,Pickaxe,12140000,20
438226300,Pickaxe,12140000,20
438226400,Pickaxe,12140000,20
438226500,Pickaxe,12140000,20
438226600,Pickaxe,12140000,20
438230000,Pickaxe,12140000,20
438230200,Pickaxe,12140000,20
438230400,Pickaxe,12140000,20
438230800,Pickaxe,12140000,20
438233000,Pickaxe,12140000,20
438233200,Pickaxe,12140000,20
438233400,Pickaxe,12140000,20
438233600,Pickaxe,12140000,20
438233800,Pickaxe,12140000,20
438240100,Pickaxe,12140000,20
438240300,Pickaxe,12140000,20
438240400,Pickaxe,12140000,20
438240800,Pickaxe,12140000,20
438252000,Pickaxe,12140000,20
438252200,Pickaxe,12140000,20
438252700,Pickaxe,12140000,20
438320000,Digger's Staff,33120000,20
438320100,Digger's Staff,33120000,20
438330000,Digger's Staff,33120000,20
438330100,Digger's Staff,33120000,20
438340000,Digger's Staff,33120000,20
438340100,Digger's Staff,33120000,20
438420000,Digger's Staff,33120000,40
438440000,Digger's Staff,33120000,40
438500500,Serpent Arrow,50020000,100
438500600,Serpent Arrow,50020000,100
438500700,Serpent Arrow,50020000,100
460000400,Troll Knight's Sword,4110000,80
466000000,Golem's Halberd,23120000,100
466000010,Golem's Halberd,23120000,100
466000020,Golem's Halberd,23120000,100
466000030,Golem's Halberd,23120000,100
466000040,Golem's Halberd,23120000,100
466000050,Golem's Halberd,23120000,100
466000100,Golem Greatbow,42010000,100
466000101,Great Arrow,51000000,500
466000102,Golem's Great Arrow,51010000,50
466000110,Golem Greatbow,42010000,100
466000111,Great Arrow,51000000,500
466000112,Golem's Great Arrow,51010000,50
466000120,Golem Greatbow,42010000,100
466000121,Great Arrow,51000000,500
466000122,Golem's Great Arrow,51010000,50
466000130,Golem Greatbow,42010000,100
466000131,Great Arrow,51000000,500
466000132,Golem's Great Arrow,51010000,50
466000140,Golem Greatbow,42010000,100
466000141,Great Arrow,51000000,500
466000142,Golem's Great Arrow,51010000,50
466000150,Golem Greatbow,42010000,100
466000151,Great Arrow,51000000,500
466000152,Golem's Great Arrow,51010000,50
466000200,Golem's Halberd,23120000,100
466000300,Golem's Halberd,23120000,100
466000400,Golem Greatbow,42010000,100
466000401,Great Arrow,51000000,500
466000402,Golem's Magic Arrow,51030000,50
466000500,Golem's Halberd,23120000,50
466000510,Golem's Halberd,23120000,50
466000520,Golem's Halberd,23120000,50
466000530,Golem's Halberd,23120000,50
466000540,Golem's Halberd,23120000,50
466000550,Golem's Halberd,23120000,50
466000600,Golem Greatbow,42010000,50
466000601,Great Arrow,51000000,500
466000602,Golem's Great Arrow,51010000,50
466000610,Golem Greatbow,42010000,50
466000611,Great Arrow,51000000,500
466000612,Golem's Great Arrow,51010000,50
466000620,Golem Greatbow,42010000,50
466000621,Great Arrow,51000000,500
466000622,Golem's Great Arrow,51010000,50
466000630,Golem Greatbow,42010000,50
466000631,Great Arrow,51000000,500
466000632,Golem's Great Arrow,51010000,50
466000640,Golem Greatbow,42010000,50
466000641,Great Arrow,51000000,500
466000642,Golem's Great Arrow,51010000,50
466000650,Golem Greatbow,42010000,50
466000651,Great Arrow,51000000,500
466000652,Golem's Great Arrow,51010000,50
481000000,Rotten Staff,23140000,80
504000000,Curseblade's Cirque,64520000,30
504000100,Curseblade's Cirque,64520000,50
504000200,Curseblade's Cirque,64520000,20
504000300,Curseblade's Cirque,64520000,40
508000110,Bloodfiend's Fork,16540000,30
508000120,Bloodfiend's Fork,16540000,30
508000130,Bloodfiend's Fork,16540000,30
508000140,Bloodfiend's Fork,16540000,30
508000150,Bloodfiend's Fork,16540000,30
508000300,Bloodfiend's Fork,16540000,30
508000400,Bloodfiend's Fork,16540000,30
516000000,Fire Knight's Greatsword,4520000,40
516000100,Fire Knight's Shortsword,1510000,40
525000000,Horned Warrior's Sword,7530000,40
525000010,Horned Warrior's Sword,7530000,40
526000220,Golem Fist,21540000,30
526000230,Golem Fist,21540000,30
536000101,Bolt,52000000,100
536000111,Bolt,52000000,100
536000121,Bolt,52000000,100
536000200,Grave Scythe,19010000,20
536000210,Grave Scythe,19010000,20
536000220,Grave Scythe,19010000,20
536000300,Sun Realm Shield,31050000,20
536000310,Sun Realm Shield,31050000,20
536000320,Sun Realm Shield,31050000,20
536000400,Bandit's Curved Sword,7040000,15
536000401,Bandit's Curved Sword,7040000,15
536000410,Bandit's Curved Sword,7040000,15
536000411,Bandit's Curved Sword,7040000,15
536000420,Bandit's Curved Sword,7040000,15
536000421,Bandit's Curved Sword,7040000,15
557000000,Shortbow,40000000,20
557000004,Arrow,50000000,100
557000400,Spiked Spear,16140000,20
560000000,Scimitar,7140000,20
560000001,Scripture Wooden Shield,30080000,20
560000010,Scimitar,7140000,20
560000020,Scimitar,7140000,20
560000100,Grossmesser,7150000,20
560000110,Grossmesser,7150000,20
560000200,Longbow,41000000,20
560000202,Arrow,50000000,100
560000210,Longbow,41000000,20
560000212,Arrow,50000000,100
565100000,Dagger,1000000,40
565100005,Bolt,52000000,100
565100010,Dagger,1000000,40
565100015,Bolt,52000000,100
565100020,Dagger,1000000,40
565100030,Dagger,1000000,40
565100035,Bolt,52000000,100
565100040,Dagger,1000000,40
565100045,Bolt,52000000,100
565100050,Dagger,1000000,40
565100055,Bolt,52000000,100
565100060,Dagger,1000000,40
565100065,Bolt,52000000,100
565100070,Dagger,1000000,40
565100075,Bolt,52000000,100
565100080,Dagger,1000000,40
565100085,Bolt,52000000,100
565100090,Dagger,1000000,40
565100095,Bolt,52000000,100
565100100,Short Sword,2010000,40
565100105,Bolt,52000000,100
565100110,Short Sword,2010000,40
565100115,Bolt,52000000,100
565100120,Short Sword,2010000,40
565100130,Short Sword,2010000,40
565100135,Bolt,52000000,100
565100200,Soldier's Crossbow,43000000,40
565100205,Bolt,52000000,100
565100300,Short Spear,16000000,40
565100305,Bolt,52000000,100
565100800,Dagger,1000000,40
566100000,Vulgar Militia Saw,18070000,20
566100100,Vulgar Militia Saw,18070000,20
566100200,Vulgar Militia Shotel,18130000,20
566100300,Vulgar Militia Shotel,18130000,20
570000000,Falchion,7000000,20
570000001,Rickety Shield,30030000,20
570000100,Falchion,7000000,20
570000200,Club,11010000,20
570100000,Club,11010000,20
571000000,Great Knife,1090000,20
572000000,Bloodstained Dagger,1140000,40
572000100,Bloodstained Dagger,1140000,40
579000000,Golem's Halberd,23120000,100
579000010,Golem's Halberd,23120000,100
579000100,Golem Greatbow,42010000,100
579000101,Great Arrow,51000000,500
579000102,Golem's Great Arrow,51010000,50
579000110,Golem Greatbow,42010000,100
579000111,Great Arrow,51000000,500
579000112,Golem's Great Arrow,51010000,50
579000200,Golem's Halberd,23120000,100
579000210,Golem's Halberd,23120000,100
579000300,Golem Greatbow,42010000,100
579000301,Great Arrow,51000000,500
579000302,Golem's Great Arrow,51010000,50
579000310,Golem Greatbow,42010000,100
579000311,Great Arrow,51000000,500
579000312,Golem's Great Arrow,51010000,50
579000400,Golem's Halberd,23120000,100
579000410,Golem's Halberd,23120000,100
579000500,Golem Greatbow,42010000,100
579000501,Great Arrow,51000000,500
579000502,Golem's Great Arrow,51010000,50
579000510,Golem Greatbow,42010000,100
579000511,Great Arrow,51000000,500
579000512,Golem's Great Arrow,51010000,50
579000600,Golem's Halberd,23120000,100
579000700,Golem Greatbow,42010000,100
579000701,Great Arrow,51000000,500
579000702,Golem's Great Arrow,51010000,50
579000800,Golem's Halberd,23120000,100
579000900,Golem Greatbow,42010000,100
579000901,Great Arrow,51000000,500
579000902,Golem's Great Arrow,51010000,50
583080000,Messmer Soldier's Axe,14520000,20
583080001,Messmer Soldier Shield,31500000,20
583080010,Messmer Soldier's Axe,14520000,20
583080011,Messmer Soldier Shield,31500000,20
583080020,Messmer Soldier's Axe,14520000,20
583080021,Messmer Soldier Shield,31500000,20
583080022,Heavy Crossbow,43030000,20
583080023,Lordsworn's Bolt,52080000,50
583080040,Messmer Soldier's Axe,14520000,20
583080050,Messmer Soldier's Axe,14520000,20
583080051,Messmer Soldier Shield,31500000,20
583080100,Messmer Soldier's Spear,17510000,20
583080101,Messmer Soldier Shield,31500000,20
583080200,Messmer Soldier's Axe,14520000,20
583090000,Messmer Soldier's Axe,14520000,20
583090001,Messmer Soldier Shield,31500000,20
583090010,Messmer Soldier's Axe,14520000,20
583090011,Messmer Soldier Shield,31500000,20
583090020,Messmer Soldier's Axe,14520000,20
583090021,Messmer Soldier Shield,31500000,20
583090022,Heavy Crossbow,43030000,20
583090023,Lordsworn's Bolt,52080000,50
583090040,Messmer Soldier's Axe,14520000,20
583090050,Messmer Soldier's Axe,14520000,20
583090051,Messmer Soldier Shield,31500000,20
583090100,Messmer Soldier's Spear,17510000,20
583090101,Messmer Soldier Shield,31500000,20
583090200,Messmer Soldier's Axe,14520000,20
584080100,Greatbow,42040000,40
584080101,Great Arrow,51000000,150
584080300,Greatbow,42040000,40
584080301,Great Arrow,51000000,150
584090100,Greatbow,42040000,40
584090101,Great Arrow,51000000,150
584090300,Greatbow,42040000,40
584090301,Great Arrow,51000000,150
587000000,Forked-Tongue Hatchet,14540000,20
587000200,Lizard Greatsword,3520000,20
587000300,Lizard Greatsword,3520000,20
593000000,Executioner's Greataxe,15080000,40
593000100,Glaive,18090000,40
593100000,Executioner's Greataxe,15080000,40
593100100,Glaive,18090000,40
621000000,Albinauric Bow,41010000,40
621000006,Arrow,50000000,100
621000007,St. Trina's Arrow,50040000,25
621000700,Albinauric Bow,41010000,40
621000705,Arrow,50000000,100
621000706,St. Trina's Arrow,50040000,25
623100100,Perfumer's Shield,30010000,40
623200000,Lazuli Glintstone Sword,2250000,20
623300000,Red Branch Shortbow,40020000,40
623300001,Perfumer's Bolt,52020000,100
623300100,Red Branch Shortbow,40020000,40
623300101,Perfumer's Bolt,52020000,250
629000000,Iron Cleaver,14040000,20
629000010,Iron Cleaver,14040000,20
629000020,Iron Cleaver,14040000,20
629000100,Misbegotten Shortbow,40010000,20
629000120,Misbegotten Shortbow,40010000,20
629100000,Longhaft Axe,15050000,20
629100100,Longhaft Axe,15050000,20
632000000,Glintstone Staff,33000000,20
632000010,Glintstone Staff,33000000,20
700000000,Iron Spear,16150000,20
700000001,Spiritflame Arrow,50240000,50
700000100,Inverted Hawk Towershield,32210000,10
700000101,Spiritflame Arrow,50240000,50
700000200,Spiritflame Arrow,50240000,50
700000300,Spiritflame Arrow,50240000,50